MWJuZWAqJ1RlYW0gSURGe3xGb3hI,WF9WNnphNTE0MjVXSSFvZFYv,T2J5bXRPTE9Tbm5JJTtGbg==,e35dOHk3VVdpbmRvd3NMLEUraX5G
W1FYbShgdUZvciBtYXplMDAuanBnLlo2S155Rw==,dko/djlUVTEwMF8haCg2Mi0=
Lmh9fTByRDc+Q0RbSUpK,I3hYOFI2IjNOJjQyMm4/,aF0kfUUnPzEwUHkzQ2xqLA==,T1EzVEVBZjEwbzRhU2tHKg==,WSEydEFEYjZHX1dCKl9G,WUh8NCZfXDNMZSVDIylY,QWxKc0JuYzEwcFZnN0w0cg==,ZFx9LGdtITZPSGBjQVw5,Sys1NGFDOTMkTDluZCto,PDAkb052OjZpKTdMMlEs
bW4jUlhhPDFYKFk+ITVp,czhEWGByTzEyQ05TYF9kVQ==,JStGJ3MnXDMyb0MkbUwm,Sl90UXktbzEweF07LDR2Ng==,WDlTfCc5STEyJT07K3o0dQ==,fSNpP2dSMzU5cWJvdj1J,cUgkOUo5WDdebCkhTHo6,PW90SG9zTzlfSnssKTtD,S0BHZn0nLDEybTRCOzIlOg==,MlBOZmg5djVwJWJJa3dm
UStROlNjLjE5TiUldV14,YDdSWC50OzE0N2tuIUZxfA==,RClqX08+TDlNandCNj9H,P2k9KyFWJzZKYEtDYStk,YVNfempQUDd3O1Uxbmcl,LTJySnRDTzU6dzRcRSdU,WXY1LzU5Nzk/UnpGSXV5,LUZtVTN1aDEwUmYnM2opNw==,J2tbUD56LjZlNHV2Rn1v,fTptUG9TLzUhXitPdns6
N3BYLUkqIjUhRFpUTj5q,JD0uMzJoVDNmRTNHei9R,WWRuKTlRYjY1alZOdE9l,QnFjaXhtTzUrIX5fV2tz,ZUcqaU1iIzVmI1xTI2h9,aWBUYX08NzlLeDJaXTc9,UFN0TiZvVjZBPHY8cFdJ,I3k1OTstLTN5V3BpM3NF,RktXZngmdjEyd30pPDcxbA==,Vk13d0BtKjVWMHEpMn53
cEoxV10wZDV6Rj9rX3gp,TTZ3Tz1KcTVxXVZnJENA,QDE7a3VAYDkkKiNTNXt7,anFHRUBhWTEyYioiRkF9MA==,YHgmZkJXMTFaa1lGJ1c+,VmF1RnxOeTE0eTk5V3VMUA==,SXksb049NDl2dylxY0ta,VjZGUC0vbDQ/SiN0dGB6,IiR2JkVeODNheDJQeXQ1,MTdHS0ZFTTQqMzduLmJm
MnhjbT01UzU/aldwPj1U,amw/d0xTZTlNfUpJK1J3,QGQwKCJheDZBd0dXPzxU,VyEnUDB4YjdhWnlOUz10,WUk2JmVXbjF3aTYqZndd,KSJ4cSdVRTEwSE10QEpFbQ==,XnJaTjNaSzEwdzJ+T0A3TA==,bGYyWWd2SDEyNHxiUiQjWQ==,fjA9NT8xejU8U0pjWDI3,WDtnJSYxajEzaXp6KUNGUg==
Wm4yW0xKTzl1QGlvNmRr,bC1LSWF0XDZkO0FvUSFQ,US4leX4uOzU9T1Y/NU5N,amVGYi8hODEqaEI5NEAt,Ryc8VT1EKThrPSo/UHwj,NDNgZStzMzEwIyZpRStfaA==,fX0qSVA8NDEwU3Q+XU8nbw==,Ly0iUjxxdTE0NlN6S3NseA==,Q0lVckx9XDkxYT1LR355,ZihiZ3VadjZxMEJZY3hR
QT8xQiJXUDduPlpyZW1W,PF93L19WPDU5OWZCVmZ8,PWQiL3Y+UDU1eEQ1TkhL,J1FSREB7QDknfj9NVC47,X3dCVUpQczZKPSE5bm9d,WC1WSXJofTNyNGRzODd+,RVc4RFsmQjZPWztCU1B0,dlg4KiFhLjM2YnQ8VkBY,QykiP28zVTZeUHRBfmRz,elJgfDtZYzUpUiJkeEcu
KDJiQn0vcDVLMmxzcmpc,fUhSSEJNSzU7U0Raeloy,SnpQYlIlITk9QnBrVFda,Ulo1LStVWzE0UU1KdF57LQ==,OGcuP2hjKzEzdVp4SWk0WA==,bXhnUWEzVzVxe3ciUGxs,TCExUlNXUTk9ZEgsc1o+,ZTZBVTYoMDEyW3JxMUY5NQ==,WnRPMXUvRTUmNC1WNEl1,UUJCUFIhQTU6ZWhVTEwj
JXBWSF5QPTk7TUgqc1N9,SUUrVis1dDhuWzBBMjVi,QD1tK1VNdjEwMHBLJDBubg==,VTJYKEFtRTEwNTRMYm9yTg==,ZmJNWS0qeTEwWmBLWHI7bA==,SShcT2lTLzEyNFxlamErMA==,IlNuNCRvbDExcT09IzhaXA==,RSc5a21MaDEwYHhtI1VALA==,cCEyelN8TDhgciJRXihW,KEhwaz5MQTEyVD0lRDRcRA==
XUcidWxUVkZvciBtYXplMDEuanBncFQwOEdlOA==,Ojh8cHk1bjEwMFkkdjY4VWw=
RFtLUlgpOjdUPid4VmNO,MVUnTDswWjExRUA8QFUnXw==,P0ZjJ0wuXTIrXGA6RmRj,WHROLH5zOjJVSHMtcX1F,a1lFKDhoZDYtbU5TbVNL,J2lCNDFQJDdPRkBNUCxe,NjYmJkY7WTNGe1VDJ1Rk,JXB5c1laIjE0UiVAelF7MQ==,V1hvRUZdTjcvOC1nfjRM,NTs8cVxWYjc0Q25TR1t2
SkJPI2FSUzlqOU1ebjVB,UHlgVENvUzEwXkhZSVNjdQ==,cC91KC5+bjR2PS5wL1lD,YFxjP3t4TzEzQDMuMGJLdw==,Tm9eK2M2eDEzNSVeaFt3Kg==,LGZjNn5LJDkpazpEZUxU,YGFyZ1RQNDBJOVQtV1Mo,VGVdNClfXjEwTnVgdSs4Ug==,YH1zbScjJzA/ZG12ejxY,JFFlJzd7LzQ8MFFzMXJ4
cks6NmBEbTNwPjInOHM9,RHFLdl8iejE0RzVVfTBffg==,bCYjPHxgRDFxX3w8TSw2,ZENLZXN+eDI0e0xOT2M9,a29VckM3VTE0JVM/WihqVA==,OUx0LWN8NjExUmpHdlBHJw==,KHdjWVNrdjBgfVVoLjks,ZDZOUFJpZzE0MVtVVlJOOw==,eDYmaUJ7KzEzRmVLdXhacQ==,MC5EN1A/VDEzRUhdNCNWXg==
JUxvSmhtVjF7dmAncj8l,L3N+RE9XTTJ8KmNtcHlo,ZG84VTMiOjEydiFTITIsYg==,J0c0flV6XzEzPks4RHRqWw==,aXwqKTkzQjExfUJeI2hbYg==,Sn17YHE2WTJCPUpZQDZN,MVAlR2ViTDEyeFM/XXc0Ww==,LHk5eTQwWzdLe3QkOl9Y,a1N9SSstNjd1b15xWmZM,W1VYNCcuYDd6X2YrVnkl
a241PUBLYDVoPFg8R0p1,W2AxYy96JTE5YWB9fXZ4,SyYydC8/MTE0WWVQYUowVQ==,RE0qTU9tQDdBb09OOUNh,KV0+MC9kZzNIISRwbSlr,ciFtPDU3QzhmV0ttfX4j,Z0RaV1pAJjEwLVJ1JV1Zaw==,cWV5dipaMTg1RClCTSl6,LTxUI2VrSjhcJE1LQCk5,WzEsZTVoQzRlTWo8TV5N
aX5CJyFTSDV3KkFjd2o9,Si5OUkpZSzEzb2FTPyo/IQ==,ViElQF5ZWjd+TXpmLWVA,LHVba1p7dzFucnR0Mj8h,aCs/P3txOjEyVScyJ1tdKw==,WDNhQSFZejM0ak0yLz9W,SENzdlAzWjEwdz9CO2tXLA==,RXpORX0rLTE0Pk9FfHE9Sg==,NExsT1c6RTExX2t6KT0yaw==,dj1VUjZhVjEyUFI4R3Yhcw==
L1JmN2BBOTVsYSJaJUA9,WDhoOkFNKTcjW2pUYklS,Wk5UZlUhRDEtQExtTi1x,U2piIVdkdDh5YW80JHxd,amlOXTNjczJiVzVeLXYi,flQkY2FCNjg7aEsyN0cv,fFR6SFwoYjIhOklsXS5e,fCtOWWpHdDE0RGNfTERaMw==,bTQkJjY5ZTdEYWNcfFw2,ZyVCeFl7bTcrP1opKEBu
InlofC1AKDlJSjApKCVA,aktrKSN3MThBZVpAL18i,Ry0lWVYlQjQ6UyVNVUV9,TUVdMVhbajc5b0IvTTFa,LH4rJEp0MDEzakRYa0lEUA==,aTt7XEZvQjd+dmo0MzU2,bFg1PDd1JzEzK1E2WXZ4eg==,MkQyNXcuODc0RT1RRC0r,JUM0e1dKSTFMZmtcfScy,IWM9KlVMKjEyeyp5YTYuVw==
NkJTaHpDQTExWExoPnBFWQ==,XEBCaiFtczY5bS4nZDxL,LXhRO0ldLDFzKDpmKSlv,Olhoa3MxQzhTIS5EOjR0,aVV1cyVNNzEwOmYiV2BcVQ==,Pnd6Zz9xOzBZdlVsN1st,YWZsLGZLXzI6SjhgPlxT,Sy8sJVlGbTB2KFdqYWpB,ZVEweDpDRThCWlx4XyIq,blEvflM3NDE0M05kdXckbQ==
RD9ucz5LKjExbnBXd1AkbA==,K0RFS2d3XzhhOC5hPi5U,e05yJ00vaTh2JEF4YiFH,My9Ren5KKzEwfCJJSidLeA==,dCRkXGdaRTE0Nyh8I0hrPg==,eklFazJSeTEzZC5JL1siMQ==,WCw3YSY1IjEzKkFAXEBlTw==,ZytDYWo7YDldblsmbnBc,Vztgc3osXjEwZUFBazIyMw==,UmtWey8tbzE0RTdjQ214Zg==
bVdCQy4+d0ZvciBtYXplMDIuanBnWXJYcXFsWA==,Ii9MOXkuUDEwMHFVOXFyIXU=
TDFYYk5UbDdfcmh0aWJE,TkI5LzEydjc1MEVQUExk,QlMjWFZgNzExXjpEdyZTdA==,PzppRioiNTZzLjB0XlVH,PDZlUThZbzM4V2dMTm0w,X0N8TUp7UDEwSyQ0LXdlOA==,fktrYlFDNzYrbnE2XUNu,blQucjE7XDciQFBFMzN4,TnVVcjxGTDNbczxoNV9I,SFF7QzNKdTE0XVJufFhFWQ==
SXt8I112OzVDRT9JRUw4,byhNR1cxZzUudEV8KlUm,JWAwZCR7djExez9RYDhpTQ==,dzd0KVdKfThkSl0sImA1,IXJ3Q3FVaDA+Jm5iTVJQ,QFFnQzVdcDE0W09pO09rdA==,P2s8VkA5IjknMns2aD97,I1NIWng9RDhdPTxuJiRX,bG9jJlsrNzAyWTc/XFU2,W3guSjQmOzE0aiMoMz5QWA==
VS5CJX5YTDFzUjBlU0hP,aktrPz1zbzBGckdlXFhv,TXZQJz5iejEwUzJoKnFPSQ==,MGBpN1I+LDE0SChUTWNYfA==,fWtBNitNWjEzfCUtWWZ3dA==,SGxiNiFjNjExYSR2bTB8Pg==,OzZTUSo3PzZuIiFeV24+,WXpfM3AlOjNDNygzYDBJ,e0VxdUM8QjhKcCNhflt8,Xj1DZUF1YzE0Xl45cHt9KQ==
JUx8LWtPWzEzXjs+dXl4fg==,dHNibFRqQTU/KVRNaHM9,JCxRZjNaPTExbFFrVzBuSg==,TDhAS2gnTDJBLjRrd3lA,VE0nTlpfTjE0PzBud1pcMw==,S0ltLWo4ZDNdOy1SKmlF,YV1JOjo3Pzh4LSpSJzhE,fkhOO3N+bjApTTE5eDhd,cDMwIVd4aTEwJitsPEwoQw==,Xnk9M01RKTZqV3pcQGtJ
SXJnSi05UTN6JHBUeX1E,bVo8ci0tOTB0YSQ+JENB,dFA1IWJIMzI0V0BtIy1m,YSciNEBfJzhzSFVsOGZL,Pyg6UjB8UjJeYSlpXmht,Qkp+UWU8VTEyTFxzKz9aNg==,W1xYZyZJPjExX05AKjhBMA==,WE4iJH1zUDBgaU1lN35m,LGt0LypvJzE0IVVkVSxrRQ==,PTRJO1FcUzEzJntoaH5sTw==
RmMoWlw+JDVpW0w7SV40,MkwlWHpAKDUiUVJSKWpl,PnZQYnYwaDVWdzkzejdZ,bV5bTUtSXjExMnc0QCJydQ==,XkVqWiRRNjgqe2ImeT8x,dzlcXn4hLDE0JE58Ny1bfQ==,MldHPkpVODExNkZYeCZqQg==,d2JnUkh3PDR7WmUxPnhP,ZTdRTWFHTDNzZS51JH4q,emVfal1pNTE0OlZbWkJEXw==
NHVpdFtgOjVAOzs+bDlo,dFo8eD1pfDVqNGdSKXUj,XE4sYl1HczVfNDMlfXd8,TS5heG5rTzExJzxRLGIqQg==,dnl3P1E8TjEwTitbM3cjSw==,XmtmRypWJjIoMEQ3WzVQ,bSg7NS16TjIxc35cJms0,I1U3dFo3NDg6fCV1alFY,Z1Z4MkpIeDhtVVUwem9O,RFZTPkJRKTZsdE44cV4n
JVleR2V3NDVCTmc5UVBA,O3dRKGtnQzEzJ0xBZ3QmPQ==,NHpPJzE3UzFYJU9gVnNo,QVdpKEtDYjY3JHROckpP,RHViZSY9NzExTX1oVVM6NQ==,UjYpNHQnRDEyeW9zNS8kMA==,TklsPWNMXjFCLmYkIUUr,ISN1PT9vRzZ7P1JzVWd0,Pyg/byZhTzNAWmQvfjcn,eXt7NVYzZTEyfHErTHc8ew==
fiVbVFw2ZDE4ZXNzLHxn,PEVJS3chKTZ6QTB7dV1P,d2NTQSwqOjEzfkhKVmt6WQ==,eT8hJkEjVjVAfSRkc3Mh,Ml47clZFbjM6fkcqKCNQ,ZTdfQCcqUDEwOXZvJDh1cw==,NCFxbyN2LDR0ejAvc3M2,fS4hek9NfjVlOCRDbXVT,eFlaTzFkPTFLfDRsYUVK,cE9jXHtfUzZsYi8zP2Ru
empJKD5IcDEzJzByPVI8PA==,YTx1MWt3UDlVWSw7NiNa,JmUxY1FtOjE0P2EuM0VEew==,JWhoWFBlSTEzVFp3Lm08Lg==,YUEwQEo5ZDEzMDA/OSNOdw==,MG9jMnFhSTExfjVlUjItdw==,RnAmKXRdUjEybn57Ry5Idw==,NzosPmRJKDEzUSNyLDVtPQ==,OFgiYFl2PjEzMyFlZjJKeQ==,JG9FK2smbTEzbTs2ZDY7Wg==
S2g9THYybEZvciBtYXplMDMuanBnUmA1OUFFdQ==,Mi5VW3IyaTkySnBAXzJJSQ==
KidjfVgsVTdOQT1NIiIk,OzQ9N2VPcTExL2VmWidnOA==,dHg+bT4mdzJzK1xdMUoh,RlReU0RYTTE0TCJbdFUoMw==,ISs+KFNVJDNsYHoqPW9d,di1OVSE4aTE0QktLP25hTw==,TFxDNllHZzM8VXxjLVJx,UT9lZSNZfTIpWHgnLnI1,XGEhYmg+NjI4OWltQXZk,XUdsKi5XZjZKSS98RnFj
KCNiTFVHazVHcFUtakdo,S0QmQVFLRDExakFHfEJFfA==,K3MyLndjMjBoUWRLck47,SD1fXHVAdDItJlpGUSJH,P1VWVSErbzhiTitgWllV,ZjIkLT57VDJcNmMqLj03,LTd7PnU5cDRjazxXfjk2,amJjelV2eTEzI1xjUjtyWw==,cjwrZVBOYTEzO3d7QTwyWQ==,aV1oLG5eUzUkel4ycWxs
VjpJSSdyTDA2YmJqM05H,Ll14SDxdejEway4rKzE2JQ==,M0V8TjcocjEyL2cwMyxGeA==,PWheUjJ7MDEzdTgjO31aWQ==,cy0zLU9jYDExPVRpJXp8Iw==,OiJnSWp+QzEyR3ZVXGZtLg==,eTtFWEUiKjl8Tzc1allo,Y2VcSThHJDJNX0p4XWck,cz9hQVl3LjE0Nkc+JXJObw==,RnomNlEsNTV+TV51MUIh
ak51VXN7UDEzXlYtcyo5LQ==,IiRge2JeOjExRVV0Q04kfQ==,XXRVJylBYjYhL01lbUNV,ZyhQfU0qQDM1LlcwPG9o,a34xbl9JUjIwdVVzfWhT,Rl9YW008YTEwM2hPNj9zMQ==,cF9YJG9ZVjEwMCwtLWBnZw==,ayVmRyVDWTBMMjpRKj11,WWswLytfWTE0LzZRKFpBSw==,JGJKaTA5TDU+cV5LYn06
LldQbiY0YzNnOnRBcEI0,YCp4e2VhZzEwR1AnS3J2Mg==,N2BjPWkrVzhoMzxmd2c/,ZzZfMUNhODQ/aXM9YyVp,Ul1QV3Q0QzEzQEEoJUxbag==,YXk0UDM4ZzNCc3EuMVdx,c2pQZkdgITEwZT14YmhOPg==,UnN0RkhCNzAtOGgyPmcv,PCtJPXpfRjE0XHN3OT85Rg==,ZFosTWdpKTU5QmJhSHI+
PWxlU3A+JjEzO3BjMWZBUQ==,JzlbcmtzMzExWUBRdTNWcA==,aTtuQTVeRDEwQXxoSno4UQ==,cVIpMUgzcTRUUiQwamtj,fVU/YT5mODNeSE0jJSlk,aWQ9ZylkLzEyWnIsRXNQOw==,NmVqQDwkRTExdmFTSmB+SQ==,SyFcamkyNjB2S3JzLSta,MjNqKSZ4PDE0LzxAMnokfQ==,QWJ5QDtIQzVBJmRBYEg9
JkI4JF5cWjEwWWpyWl1tWw==,V31Ha14uNjEwX25+bmtTeQ==,OnZrdn5kODJpenc+Kn5E,J313VnF5OTRWZmJkcGxl,WXlRP0xcSzVpR35ARGYx,OF9qNyskOzcyfiluNXQj,Syl1UyhmTDc1ejUoI2hP,O0VYZVU7PzFhMF5KIV8q,REhZL29qSDZGMEciS2hd,VSlOVkE+WDEzZ1wzLnBBSw==
PzZZVVdnKjIwNUJbV1Rf,UUE2czYyRDJtcUNiLC9f,UWp4Jy0lLDR8cDExVVgi,cDF+I2olfDEzfSI7JlI/Jg==,b3VMXlNXSTEzdiZBQkZ2Zw==,WDAjbU9bOjFdc0JQNlBF,LjEwS0BlWDBddV05QWYv,UDRZbidiTDQuJkNFNCFZ,XG00en5bWzk2Q1hjLU41,ODU0QjVWUjZQblpGVXZP
L0lQSCFBcjEySVpGbypUVg==,a25oMDxSXTUnekohOCpH,XCJMMXlkVjEzeF89bmBZSw==,TCooeGtnNzExJFd5THQ1cA==,J2N5UXIzKzEwYGhWUFsxPw==,TmRLUll2NTEyWkB5aGEzaw==,WiRKMyVQOjU/YVNXdjAx,fnRpJTx2YTVJMn00Q3ZV,encsUGk+bzExZlMqQi55Ow==,OVlcZm56KzROPy0kQDBS
fUFJKlxaSDExNHRXd01tSw==,OGYyWTBZWzEyPFBhVEwsMQ==,WmFpSWd+OjExZXh3bF99Xw==,LmQ2THdfJTEwKD9BXC4qWg==,XjBfWHozNzEwdWFcVXFWeQ==,Pz5TaldtczEwSjlcWEklKg==,ODpLT0dGPjEyfmM7TyxxKA==,Wm8nLlhNfjEzcGwub1BtSw==,X2g+KD14NjExY3c4UDNsUw==,YXUiZ2ZUdDEyblciZShkJA==
QlpOPV8tfkZvciBtYXplMDQuanBnPFZKVS1QRg==,SCR8byZDUDEwMDN3PkJNNW0=
IUprJThuOTdJKWpqOWNZ,K3RBU0pQdDExNEUmbUtIaw==,U1xDQzpNXzIzV19oXyNf,KHdtbmdiJTEwM21IV05GSA==,OEk+LW9kbDEwKEA3dlpwVw==,WmN0JjZEYjEwKXFxOzAjTA==,O1gya2VITTYiTVxhb2Z0,TEVAJWIidzNKbntAaEQz,WUg2USQ5NjE0IXFWXWtZWQ==,O28rQTV9UTcpSDlIXTdK
SGhoem9kdzUuWTBaUydG,QXdMVkglXDd0SEFaMCcv,PVY3dXxJRjEzRU9LWXRLLQ==,b0kqLzRdYjdmNVNORFZf,aio0JWcxaDcxcj4rMjMy,TCUvX0VJOjExRm5IdUBYdw==,V2RIVkh5WTBaPV5MUSld,MTtla0tXNjRUV21mVyMy,PHJ3a2AmJzNgSUhFLHtn,M04vZyd1QDEyfGw6NCVkRQ==
USFXOypHejFwY1RRals+,QyV2SE1nIjEyKCdIUnNFXQ==,Kk5OYVonRjd6eThRa1gy,NExjLXlWTzledCZcdyNW,RXczI1paXzRJVDVpS04r,cSp9SGJrOzckMW1uXzJ8,Y0lcUHZdbjEzNjp4KU57KA==,eUwmNCVEUzVxMV49fHZx,ViE5O0ZPLTFjRlBNdGhH,Vk9oYzo+TjE0QF94a2p5XQ==
IXlpSHN0RTFBUV46Im1v,Z09rTSNGajE0NzMkLkBQPQ==,LjVlajBzKzEkQWJKdn1S,ai8xeEUhUzZ3alNvJU0w,JzlKZCJyZjFzN0QidG1N,O09cPUZTdDQ+XXVsUXwl,Ik0hYUFHfTczOCt7S1dG,MWpjMD5HSDU4Kk5hczlL,Tk5LfE9bRTVpaD1YKm59,cC96PWY5cTdpQV5+Rjtb
by9DfEh3KzFgKj92TEVo,MU81QTddJTE0dU1UcU47fA==,RUJWKEZENzEzOExRdF1oXw==,dD5IejpeMTUtaVNOfkM2,VyY9KWJYeTEzKUBMTzlSLQ==,d0xuNF16Kzkxd1p1ZStX,O2BufnZKZzBOSzJOWXFQ,KGxSTnIzWThPKyhaM18z,PTpbaldVXThRWSs0UD18,P3FsYE47NDEybld6YVo7aA==
eyMxe3xmdDlfVHxyPil5,IyM0RUJxXzEwPDFYKjAheA==,Ok9UaGQkIzZhbnljYjU7,bUdheXtjODlhdy9OIWA+,Q25EeX5pVTEwZlpKLU9PMw==,QU5bImBCeTJgSk15aVg2,R1FeWX5LYzhPXiZafHxT,V0JPcmUydDJzVnFNVEhH,Kip7Xyw/ejEwR1ZES3JDag==,ZyxaWywnUDE0NHcnO0lJeQ==
ZkI1ZzswIzcmYitOKH58,I3FxVFNhVzMxSGZQKH5i,fnJzaj43YzQtfSY0cS9v,TkJWdXAkSzdcWzBmIjlq,MX5qPGZONjExd1dCeDpHNw==,aSJkbGh+JjEybGlSc21TTA==,WmtdSWh7VzdZYltIJFhC,cjU8KWpcRjFQdT89LEFM,OCh0OF5fIjEwKCl+Nz9VIg==,KEJrSiJEZDE0RVUrSTplbw==
N2ElUSVOYDlvKjtnamZA,IXtDIXhUTTRqcFFQWS1v,L0ZiIzRvezEzPDt4fiF8ew==,KTsrJGpgdDlDKlZLOHdR,byxEOjhbMDEwNmo3cnR5Lw==,flIiJ3BpdzI8cyhoQDp0,PjA2MW88dTguSDc1U3V5,bWdSWSRISTBdOCU6S19B,MVtlRTl2TTJSXDh3YV9A,L2RfZXRiMjE0bTVJLWVQNQ==
OScwaSw1LjNfMmlWVU9q,TkJJJXw2MTAsaD1IdWh3,Tm8nSSkmYjEwWjMuNDo0dA==,c2leTWNQfDZ7VWhNaE1l,MjhJPC4uWjExUHE2N056NQ==,NXVielJqKzRwKTk0J11m,QS04Pjl5NjExRl5Fei16QA==,cS9VNCI5YjEySHt5TjBOZQ==,WSxgSVYpXDEje34lS2tB,Y3R9bWJPKDE0VHtEWj1wdA==
PyFLfC9JSTEzRyc5OmZNSQ==,YH15e00wXzEzQkgsNVBLXw==,Uz4yUi5rWDExTUtiP0xdUQ==,fkNsNVRLKjhUeWtxaFsu,Olt0ejtsZTEwQ1YqLltuaQ==,XzUsLSh0PDhfT3E/aTpC,R3pZaGY8KzEwR2pUZm9jVQ==,M1BUQiElTTE0e3JfRGcrPA==,emlNL2BLODlKUXYsTi4q,UFlaLS1pYzE0IiQwI1R7ZQ==
Mk0zUnUic0ZvciBtYXplMDUuanBneSJObj5sNg==,MzEoYVtsNDEwMDw+biNDSlY=
JXAvb2dPMzcsOWVYOF9l,L2UxNE4yJTM1MWJ4J0Ba,OjtNbCRkUTEwNlQmdyNRPA==,aDRXMVwrdDE0Y1lQKCcxIg==,KF1AWV4qWDNkVW9fPzdG,R0ZZamFdUDJIc0ZDU1hA,Ylh2MVxlTTEwSDdLPGIqaw==,eWF3ZTtjWzE0InkkOyw1dQ==,aFJDOHF6aTExant3bVpiOw==,TDV8UjxZTTYrIjdMOH0m
em9dZGU4cjV+dG5PKzJX,W3c9ZiM0PDEwfG1zTk1D,bHtHRj0jajE0bywtUD5xKw==,T0YkJD81NDExW0IucHJHKg==,cmdqLzZyMTRxY05fTUVZ,IyRLMURsSTlNa1V6SSg+,eVtBfmFzYDZscFpNaFU9,UnxxeWNRZjExdlZlPmh1Ow==,L3hGWn13djEwan4uMlBNcA==,L09FLm56OTQqb24rSCI0
X282PTdhKzFqMzEyZl1h,RH5ZIVN2LzBROVs9OTR1,MXlqTmVeNjJwbiImWVBg,NkZ0OydWKzE0OGlHUEQ/Kw==,PUkrZFJ6LzEzLU0uJ1IiWg==,IzxfWilNdDExOyoqZ35gKg==,Pjh3a0J1WDBQVVwwNGdV,e3pHTXtxRTE0elVUMUVzdQ==,Q0dVYG1dazMjLFUuJ1R4,REZOJ0I0IzEyeW90Wjkibg==
RHEzP3MneDVdSD9kdnho,YExWUUNnNzEzIl85QC9AUQ==,Ymw1YThITDlfX19NaDhb,QGw7UDotKTIsfExMMTss,OnF+bjpMRjEwL3I+S1ZEYA==,SWxVKjolbDEwRGhXUG9sJw==,dFE0UmooUDR8YjVHOU02,Mz46KS9tOjd6KTdhSWJE,KmonMlgteDVgPCVmRzFE,Yn06IUddVzdzUG0vZi55
WllEelpaRjlvVDxMNmNx,Xj16eWhXWDE0Yycud3pSRw==,LUhxRGtVSzExajkkLm1LRw==,SDRsUD1reTEyKVhvJll3fg==,UHczaVNsJjMwM1k0Uk1w,ZXNUSyshQzEwayY6WD9FfQ==,ZnxFS0toJDgrZiYve09p,NlR1TSF8SjBpIys3QFRO,az5VLjUnazhhLGlcTmdY,ZjRaYzN2UzEyZnpgRzN0TQ==
eD1VPzliQDExOHNhXW5XZA==,Mk4pdENqKzZ7NiktclYr,ZGonSlRXKzExdHBKPjFneQ==,MmoteWxqbDEwaCM7SThbWA==,S3g+fHxXQjEyYVk+IkBCNg==,MWErfD95bzclZjlxQDxb,XWBvdF16azExR3A8cDtQNQ==,Z0NUe3x+ZDRxQVcrQ1dp,aWZqM0AjajNpcWhhKGNP,ZTwiakRPJTE0aF8kOnlXXg==
OjFdZ3BHJjExLmhHJHJ1OA==,QFQrSC1aRjBSZk4oXjV4,RC9YcXpdLzEwa1lSLkE2Zg==,ak95Qm1cZjEwO10sMiM4Rw==,KiFfQnNhQzZjNFB7fCpr,IzgwYz9aUDFYTkxpbyFH,b1JZemI5XzJENSZYOiwj,Mz9VOmMqNjA4NWxabjl3,NjJNbmY+eDAvI0NlPnRN,KSNEJjxMKDE0TjRUemwxOQ==
MjxIJ2xWMzExPiQuS0dlWw==,aiFrSVpKWjEyJk5hOGxfXQ==,Ty9EVEE/MDExe3o7UiI+LQ==,cTBJRHo3NjJEVU1TYGFo,X0JzPXtCJjBJJTxTLVFQ,YCY4OSc6ZzR8Rk9WNUVe,VH1rVmJoKDUiKWlzOStp,cS89IkBNLzEzbmBGNXxPXA==,JldbeFY4NDlrTCNyWTd1,ZS8uRD1RdDZJInZ5czBM
VmY/e2xGKjExLnYidUNQJw==,LHhBPXRxRjEwXmwqdHd1bw==,fCpDe1sjZTI7MUl2OSU3,YU8vMmNINjRzRzxHLWRK,alk0OUxPNDEzM3o0e1tSbA==,ajx3LEF9XDVqTCx2JmVP,e1M6K3hSODE2aTJiSUw/,TVx5OFZLOzJMU2whVHZk,MHsjTjB9bzZvMUcqO2N8,V3wtLClkczUiLElSXUJ2
SSssMnk1TTExLjJkbn4iRA==,L0oqPyVVPTEwdVg3WjssXw==,bDQyeiMoKzEyX2ZkZTZtXg==,OipTIX1QfDEzZnFyL201NA==,bkBUPlU4SDExZHtES358TA==,Yl1kNWhPLjEyTH1oWVdpLg==,a1pNUXhmLjEzW1QjQFMnLg==,MGclfUM3OzEzeGFEcWRkRA==,ckltTHxOJjEzXmZWbkpIOA==,IkYkZD1ERTEzXHJcI1srbw==
R3tUei5bO0ZvciBtYXplMDYuanBndEhYdzBVVg==,OmUqQ0Q2VTk0Wj5MRmNvYg==
ODNefVsnNjcpJ0I5M1tA,cGN7Umd0bDNRPGk0e3Jt,e2Y4UWEqazZUXXRwVTRw,T2FIOF9ubjN9dFk0JUJY,VDpnOTNlPjRlXUl9OiMp,PFZTaio8aTF9YmY0fT1k,ZSVIKXVDUThVNlliZEo7,R1tdazpCQTJfVHZpQz1f,dGl6bUwzeDEwSk1JVi0wdA==,UlR2PWVLajYqPFlzcG1z
ayx7am1HNTFjNHRkVUky,Yjk3WHJMNjEybnVTTmhcSg==,X3VnRG9lczlDRC9STHRr,Lig0NEhsMDEySlhaVlVHQA==,TkFYYjN4JDkuN2FtL18h,KlU3fjlALzEyYTpQW35jeQ==,U1o7LEJKVDNWejJ9Y19J,cEtvMTlHMzEyXUtTfmJQMw==,PGNYWjc3YTdVOk9YMHF4,ImUpWygkKzV3KSN8QDB6
VVNGJXBnezktN1olWEcn,dTZibX0jejEwXWU8d15LYA==,UiciSEoyVDEwSCxaWltdQQ==,NGA2dmIlTDZERHU3MUZM,Nmc9bj9uQzdbbURNMnd8,Q1E8MSw1STNieXRJJ0gn,cjEtaVZSbDEyUURhLC9FdA==,VUFyLUc2NTExcylSJVM6TQ==,QEBgKmF0bTQ5UCsxeVpz,RCpZQ3hySDVeYFB0aFxj
fTlhKChAUTNCbnVTNl1h,fFU0VGdQWDZMd1Ulaz88,TGhbP0ZhLTNpYUglWixW,KFNOJVVgUDEyfllpN1Y4Vg==,NGU5Y1dqazVhS3Z8WXZR,dSZfbHFvOzltZDpAdS43,SUx0dkVrXzEwL1UjcV4+RA==,VE9mTTpNcDY7UVFueGhF,UmgycXBScDVfI3RTP1dr,Y0tIV2tVWjV4dltvQVgh
OCgnfVJdUzUmQmUkX0Fg,azVLNlJ1bDlSQUxtV0Zb,YXdbIjUnPThsRHRfQX5y,cG42JyJySDE0PzIhMkpLLw==,QXZLT0wnMjF1PWxQeFAi,KWZndydfaTJtcG9XUHJD,W051K3hVRjE0JzVWZ3E0OA==,ZDgiVihLIzU/cWlDK3hH,fVNQV05pRTFnYG14SW5f,bSQ8eGY3cDEybHZdYmNZOg==
ezQoLXlcUDVeX1BaQUZI,TGhjVTZndzExWWN3VHBqPQ==,S2Q3dzZhSjJqYkBUJ2VX,bXFTQzNIMjJ6dkt4UEEs,Lj5TRWEkOzEydzBpRTJPaA==,YjhuQSt5MTVhMjc8Y3l1,M0R7W3cyOzM2V2MmTkxY,MnRpIz5YcTEydSI2UHdKag==,PWUwXSw7djVrcXxdaj96,Q3ZJUDcvMDd8JmglMDch
blUxaSonRjk/cnFLaGlz,eFhILkFTLDZDJm1HfiI2,LyViRERnVTV8VE5uPklW,bjN1WVpYSjU9eW9TLyU1,VEdjT0dFJzExUlxqKi4iSg==,UGVXSEZNRjQ2Xk5SY09G,VzwlZ2ZIOjkrX2olTSFs,dC9jR1hAMjZ4IjotcmU/,cCU/V1NIbTktJDo7MUAu,RH5ePnFQfjRlTmRRJzg1
UWQ8ZDdMOjN8PDNVayhu,TUksKidrbTEyVUxXZUozNg==,M1BIOjVuKzEzQUhzbk5zbg==,UVk6biFgJDl5Rmc0Y2ZI,Jnh2TVB1ZjZeaDBac3Jr,O3V2NU8vMjl1ZGljdC02,NXYqKy8tazZ2bkZMQkI6,T1ZlfUNUKTVSY2RlPWc8,LTlqSzpYRTd8OzZ1NGdA,YVpiJiRqPDVmNiUkbl9F
NE1CZH13OjVVRjdDczxm,XUBiK2hxejNkbClPSFVS,JEJVNkx+ODEwcTNeKHMnWg==,fip7M1h0RjZ8J1dIYEdN,M1xEOERBKTVdJG1XQGVW,NVszIyNILTExRzg/dVkzJA==,RFgwZl9GJjEyJkAvSnJtMw==,NHk4eVssZDUhJ3cxdnMw,MTN2TWtaSDUlXUcme0RJ,dmpGckolSjVaZnF2VF1G
NlEwYEpqdTkuZCh5fmV3,eFlPPUYlajEyblVyNF14XA==,cjpeaV85fTExOncsdnVxaw==,OCxDeT50YDhEbn5KakFS,WGVTOF0uPzEyUHJ5PzIreA==,XW5gSGhdKTExentOaGkzVA==,MHA1aEl9VTEwKVpWQT1ZcA==,YEYhPVFtZDEyeCFraCVxbg==,O1xid2pfazkkRiM+Pjc7,IkFhKSwzYDEyK0slfW9yag==
e1VdPjprdkZvciBtYXplMDcuanBnWm5GUSZFPg==,aSY6KV1RaDg2dHAtSl0lPQ==
ezxdcGZWKzI3d1pLbidk,TVJoNEdYXDE0TnlrV3Q/NQ==,Xi1CJ0BuOTNFU143Q25B,W2tKZ0dkMjEwaHMhRnp4aw==,Jl8tYCJ7bzEwUzM4TiR9ZA==,KTpKOX1vXzEwSz4kSCF1RQ==,OnJRSGZNaTEwWnRsTm9WbQ==,WCFZSEN9ezJoMlkmZW1R,WWpgXUNmKjEwTD8/VyZVcg==,bmFGUns4XDZPWVV1JCgt
ckZcO3M7TDV2OUIwQk16,fnlZTkYnITNOI05gVEB3,UjlpV35tMzEyRjxCME5NVQ==,WEZ8d3dwLTExNk42PjM3WA==,OF4xc15ZTDZYUUJTfDlQ,X0dDPVFrZjNKLGhUby97,USR8d0EtbzZDVUAhblFW,OC9kNjF0PTEzZV8/IUo4WA==,Q18mXVkqTjNUOTYsTkgz,SVB2dEtzXDQ5JkpeWkkw
RS1+OHArdTU+dlBFXHlH,bUtfY2M9MDlQdH1bSX49,ZXomZzpIYjIsWTIpPGJ0,Wk5JKWRjfDEwdyNKTCRPLQ==,JzRHIjpCPTEyLyZ0ImRFQw==,RCRcMUAzUTVXeGYpfkBy,OGo7WDQrQDlWZ0QnT0cs,dWhwPDFxTDZkKVgvWip4,VU41IiMhPTVjXlJlIjh5,T2ZMdUtwRzEzWkJKUUVNZQ==
PiM5T2I5eTFcRk4lSlhY,T2ddUGNOXDE0UjVIcE5TZw==,SFc1M009ajV6PyInakhv,Qm8wPis2djMjIjoybncq,QVI7LX4+TTYkQC8tM0l6,OkNpI1ojazldMGlOZm00,dCJ1VGlkMDZaajxvRilC,ZHlRbU5gdDVOO1N2PCVZ,b1hCckApejlNWnw+Qkkt,fk5YREpIcDZlbTZVZHxs
UltkV3F9ZTklS0ZgWCJh,OmtWS3pgJjEwNFVgJD5KPA==,YSR7TlpZNjEyX1VJKmA7aQ==,NEpddm5jTTV3W15Ha0JO,RFtUaEh5RjkxflQkKydR,bG5JRj5xezEwMj9pdzspPw==,KjExOmF6djEyO1ZjczBEeg==,IVBEWW00NzVDLUhdfiEs,eGZKbmFDNTNzOHxtPjkz,Tmc4blV6ajEyJzpDZW9OSA==
P1hsbk0xXDMiMWxuPjNO,dl9ELD5DZjEwIXdsXSlGZQ==,cyQsLyd5fjY1JjxPbzFt,TFtyUUNjTTViKTxpR0I/,eTAlLmheRTdoOi1nN31q,cUgodWFyWDNTNiZXeEg8,YDZZNyx3JzEwYi5gKDQzJQ==,VEFpWz0uPzEyO0E+VlZ8Mw==,WSpQUH1wbjk9JnQlNU1T,PH07MThbSDYyRXpEdShQ
cGwsIURodjV3N0VoJyg1,R1o8dSJrdDExInw/JWpDYQ==,WyJAVEpuKjhfIyxGRjJk,NHwoXXZ7PzEyWSxJa05XRA==,c2o5eDYkLzVIRlI+UWZg,NzkvYSJ5KDUiKXN2SF43,VWw+XXxtMDM9T2U0dGM0,Z08pblooJDY3Z2B2cUxU,RjRqLWEudDMndyg9ODZX,fGtONzBWTzEyLVlqYChfMQ==
YU1wNUN3TDVhLXZUSTRT,NyprTCdMLzcvX3EnaChs,QnA1NU5sRTMrUVcnb295,YWRuOWxXJzEwSlwxTj1kKw==,KkZ9eidfejRJPmN3SnZQ,dj0najVOeDV6JEJLI1E3,KFV+SVleUzUpJms1bX0x,Sy9cfXY/XzVRIUl9P2dg,MmFJeXptPzlmWz9zdi1Q,U3YuLSlcXzZNaFxbazV0
V2VZMkVmXDVqNilWfj9y,Iip9akBjbzU1XU1eSTpX,aDxCWy5LTTlFb1Zdaysi,Tn5WPjc9UjY1bzg0KFF+,ZkI7SzlYdzVPJ1dRcEBW,Pyd8MDhXPDE2aTI0d3Rq,ODx3SzwpQDRkJ3JrPlki,SWp5a000LzFQUFNsJytV,fGVRWzYuSjZvTzRdOnMi,PXE+cHtkOjVcXCtDaSo0
bF07SEV7ODlDRG9MS3hA,PkQxKVgtJjEyLHI8YWhuIQ==,V25iRj0yODExSEklRCNdJw==,enVHQzh3YzEyLVtTWjVnKA==,UkoobS82NjlYbHp7UWVp,ZlBWdUYtJjIqWS1dWDJE,QnMmaXoyWDJ6XUVpTlIq,J18leEkzPjI+V3lWYkFe,eFtnaFJoYDg5KVw2ViMw,M1ZgJUhAZDEyPlJwQCcsNw==
MGUzZ2VpckZvciBtYXplMDguanBnOWtjSTZuQQ==,SElnRidiRjEwMGx0VStwSDs=
ND1qOj5VfTN6S0xiJ2ZI,JEIpfDNBYDJsI0hrc3Q8,X1VLdnMyUjEwdHMvYVNkLg==,KkoxPk9PejEwbUIxblB5Iw==,Qmg7QXY3OjEwV09zb11gPQ==,SCt+IiMtUzEwZnlFZGNwcg==,VnkwMkZCLTYjcWEuei06,LmdRaUJBbzExKUE/M2RcVA==,OjFdayUnSTIoPWs1PFtQ,JXxmPz9uczZRbHtPdEdP
MzJMalk6KDVJa2EkRzMy,aC5gYCllQTU0JDJ7KilE,bVR7c2ctRDNHKXxLUzZs,QldvTmtuITEweSNXLGFJIg==,dS4pc05+PjEwRFRldjBNUg==,fUlSPlNlOjY0O0diUk9E,Yzt2dT54NzlbLDQ4QFgw,bCdxM0xxaDZ5PlIrdVwr,dXs7VCsycDEzSHQiOXNINw==,Si5nM2AxUzVPQC5gdUde
XUg7Oj5BMzVxOndxakNe,Kip+VGsiaTk9fDNyakI3,THIhak16djhyc1ptLV5a,ImdwSjh9bDEwIXJeTCtzLA==,WWJLfElBPzE0NGpbZyxCRQ==,a1RHTDszRjVyOyhwMHQ0,YG40dC1uJDN2JWpeJTxU,IjZPa0ZodTgvKzAkUFxj,aGMpKE48UDEwdlYqMUA1OQ==,QTotIUhSJzRbfkU2IUlR
Mn5XdWdLRzV0dGc5P3c5,cT8wMEdaWzM6ZigyUlYk,eU5YVjo/ejZeaWk7PUdW,YDI1TVpcOTM3Nl44KUV7,VUguL3tUZDEwMzAnayZcMw==,bW1VQzlFbDEye0VRVVJVLw==,KjxSUWhKezEzS25Re1t9Vg==,KzBfVl1nbDNdSlgkSkI+,IUhweDs6cjZgR2c/ZTUq,Q1VRb1pJUjEzLCJ4K3NyaQ==
dko3ckxYLjk0Rlppdnp7,M31HeEteYDEyOitNQjo3Ig==,PElFK0lGVjUvaXQjRz15,XHF0SSd+Qjk8ZX5YZiwp,LXJLSGVjfDEwL00pMU98Jg==,dy9yMUU/ZzEwW2lCblN6Vw==,V3poME98PTEwNVFyY2l8Vw==,KFJYeGg5PTEycDA/QyJJbQ==,bSF8Ol1xfjkiNFhobl9A,QF0kJSpFNTZATV44JTRC
RClWQSd+cjNbQD5zI08y,R1gmI25hKzE0TTNmPzV2Xg==,Xj9FL2BBWTlzfV8rWmdy,XUZnOSY5JTEwUXxlOThnLg==,VTNZXVpkPDEwMkR9OkdVcA==,UE05O2RuRTEwLzVmcVwibA==,SEdbblhdKTJLbnMseXF0,WUZeInJ1QjE0VFoqWl4wYw==,Pk5ORkJ5XDN7QysjL2RA,WzlbVydNdjEyaVUvIkxGIg==
QT5GVSolTjFuRF8nRUo2,dztXcUE+SzZAUiM9eXYj,LltVJj9ufTMpYmleSm1U,Vi0qL0A5LzEwazNUNjFkYw==,SCM0c09wIjI2JjZ6QCFz,M3NZJj9uNjE0cklNJW8mQw==,Vj5IdG1DIzVMIyd0MT8s,Lm48MEVaVDNgLzdCT3Nt,az4kTT4lUjEyczlII11uVw==,NU5GOTQscjd8VF5dX35t
MEFfcWdpNTV4cn0rYzxr,OS5VayhAQTlkKSd3ZE1C,LEImek0nJjEydSxlVnMnfA==,MTM2Nld6WDd8PWYzZkZZ,JklBPXhAbTlpLDM0JkhD,akFKTDQxUzEwImZjPDZoKg==,LyN1X2RlQjEyS01cd0QoIQ==,RFZUL3ptbTEzeFR9QHktZA==,cH5keVJ2TTNZOGxUVHks,QkBUaURZUTQ6MDBYKz9E
MyhkdlJeOjlqPnJdTlZb,SmAjd3s1KzZ2RS1gSjBe,NERlP0NbNzM0aDNAJS0l,Rj0nSUp2LTQ7Rkg3J3du,RjcsQGI1dDMoPHlULCkn,VVdaWzNoTTEwLS4oKDl+cg==,X1dCPjNbUzEwPiNSMlVdUg==,KVYwaHE0JjZ1P1FtQU17,elRDc193azEzal5YRDZ4fQ==,ISgwPExzczVQSTk+Xj9p
PEgybl9YbzExclJabT9DIg==,ei95fW1rbjh8Li1CLGc9,RSw7fEJVOjEyaCIpLTZheQ==,fUdxPDxoLjkwZistUEtq,NUIheCJbczEyVidoUVJlfQ==,Nml4JiFTdDExX2glaE1Lfg==,b0p1OG9hLjEwTFxXLi5VLw==,IlZwdjRIKzhOLl5lQVde,ajtdLFY+VjEwO1lPR1JNMA==,dFwjYWxmbDEySTxTdlh8Mg==
eiRSQUFkfUZvciBtYXplMDkuanBneDguT1lSRw==,WkBLLy4lfTEwMCZoKz9KLmc=
XnlkZDk4UTN2QzVQLnlJ,NX1lWEwpXjJAYHp0QjB0,ZilZK2ojeDEwRyYqRWxxMg==,QjpzOnE3PzE0bCRrUy4tTQ==,cFpLXz1gazN7PlEuUTQi,ZEtVb3R0MTEwLHpLSzIjIQ==,RzRsKFNdMzEwLnpCMCwpdg==,Mko5enc0dzZAYX07fkds,Jjx5dWh7STExfjlPV3gtbQ==,JDVsS2MucDY9K0dNJUxX
bWNFJThNaTVHNWdkWzNJ,Z28hSWAlIzUhLTk6eCth,c2RvO0RUUDExRyRHUkw3PA==,IlR5O3t+NTEwcHZjJnlBRw==,R2lGKWQ5JDEyPXRdQTV8JQ==,ISNVVDdPfjM0OCt6XVom,fClGQFQ1MjE0aEI2WmRYKw==,dDw6SnchdzlKZlZTV3hn,RXA4UG5JXzEwJzVASD8+Rw==,SCpENlVKKzQybFBOMkYh
OGNpU0VTSzUybXB7fE12,PTdjPnQuKzl7OyN5Ums5,WyNje0JEITZaeXF7KEVb,aD95NCp6XTM9IX58fV54,YUAxN1NARjEwZEpsbkRfRg==,Z102JHQzXDg2N153dz5L,QFQucE1rSjEwfURWbi0tMg==,dXc3QTRJcTEwLGdyJWQsdA==,XU4/YWRleTEwU18wY0dWbw==,WGxMTCdRUDEyMTlkbjBkcg==
XWlkKlY6VDVNbnttbjdh,XnhRJCIuczN+JzhMXG57,aFMtTVBQSjQjIzxueHg8,eUZcb2tJJjldPFd8SlQ3,VTM2NUtgPDZgJzluOkRh,WGQvbzJ4ODM+bTttPkpb,Z2MnfFdpczJIJ3l0JDMw,N3MlLXJFeDEwJWlaNzhWOw==,UWpwYmwoOTEwJiU9QVxfTQ==,fXReOGlgPTE0KEVsSSlbYg==
flZta302RTVRTEVHOUg3,Qm1qNl8/LjUuKGdzMT94,Q2VUJEJKLzU+JmxmNVgq,dmc3Pn0oWDM/UHs2bCsp,dTdYNDhFSDEyKGklIVoyVw==,UE9me1R5ZDVZMFJ1TTYt,LTphLGtKRjEzR0x6LC8jTg==,Tj5dWTJzXTMuXkhqJXEp,KUFMOyRLdTEwK2xuTStWbg==,JicwfW5XUjZ3W1ZQKzld
J29le09sfDVQWV8sai07,Pi9IN2dzSTU2b19cc2g8,YjlCSHxNUDVkQ2Y1Wz8r,ODpIIjlVfTVIdllwMVx5,OSI3bTwodTdgXk9PLzpJ,VCl+cEQ5bjFWTGJhOWdR,UENyVHJfOTZoSzEvX3hR,MS9EbTUyZTV9KT1JbkQ0,cUg3cUp0QTNnc1YrOHZT,cz0jQXdiLjRofVtXJkVF
fnZmQTtwbzUoQlpuTC9R,JEpRWF1IbDV3Zy5ZNlE4,ayZ5VS42dDEzOUBNImZZeA==,b2FCSU1OejUyJ2EpYEtK,eTk9SDQ6UTkmMHwuTSov,W0V2Slp5ejEyUCEqbmQpXw==,ZHZLY0hzNzV0ajw6T3BV,N0dwRG9ZNDViW3hke3x6,dUlVKV40LjV+cnJfKFVn,eS9EN3BQSTV8cmJ0a0A+
c2UzOUpGWDVdbW4paF5m,XHo0REY6NDkqVkVUVjss,Ul97QUYoLTY3MEpmUUoh,J0hEZzFzOjktNWN1M28h,VjhBQj84azY3e3BvMThP,cFRqOFxnZDNweXgsRzw/,SEp1IVRQOTEyby8lTGdcZA==,VWx7PjM7bDU1alEqWFhu,NU50IlIjdDVuJDAzYXUh,P3leXUoqWTVcMU0kJDdc
SjQkdmwlZjVCT2ouRGhx,XnQzQ1dRQDdXXzpEYFIy,MCVEY3gzaDllMEhXSXVv,RCl5X2InPzZNUlxdVjMv,N01afUJvLDUmX2t2elN9,cS1SZmBQcTl6YlZLd2k5,QnZkM1tUYjEwfSFGM3s/eA==,V3R4eWgvOzEyV3JmalphRA==,c0I3IWVMZzVlO3JrOF07,djElL0hUWzVaNl5ROzQ6
c2lBSyJQXjlnYFZMZDRc,TFdVMCgyczh5MSw2JCct,c3JBXEJcRjE0MXFpfXxaKw==,YzZkTzx9ODk/dCpSLTZL,VTc1ZncndTh2IWc4e1E6,NW1JbGp4KTEwQi40YSwwPg==,d0lQe0didzEwMz4oWk92YQ==,WiZMRHVCRzEwIytASlZQPA==,WEtIIzBlTDEyTTs3UUZ3cA==,ITRrJzpfNjEzT1RHV1ImPA==
VEBQYkRQdkRhdGUgYW5kIFRpbWUgb2YgZXhlY3V0aW9uL1ZofCFaVg==,PCtoVVgyeTI3LTEwLTIwMjAgMTc6NTc6NDIuPiJ7Xn5i
